{"cameraMode":{"drawMode":0,"name":"Shaded","section":"Shading Mode"},"sceneLighting":false,"audioPlay":false,"sceneViewState":{"showFog":true,"showMaterialUpdate":false,"showSkybox":false,"showFlares":true,"showImageEffects":true,"showParticleSystems":true},"in2DMode":false,"pivot":{"x":1.3462761640548707,"y":-0.6847751140594482,"z":-0.004346650559455156},"rotation":{"x":-0.1306224763393402,"y":-0.483451783657074,"z":0.07321974635124207,"w":-0.8624681830406189},"size":2.358381986618042,"orthographic":false}