{"cameraMode":{"drawMode":0,"name":"Shaded","section":"Shading Mode"},"sceneLighting":false,"audioPlay":false,"sceneViewState":{"showFog":true,"showMaterialUpdate":false,"showSkybox":false,"showFlares":true,"showImageEffects":true,"showParticleSystems":true},"in2DMode":false,"pivot":{"x":0.39315101504325869,"y":-0.03182625770568848,"z":0.10635332763195038},"rotation":{"x":0.08526621013879776,"y":0.20854568481445313,"z":-0.018254369497299196,"w":0.974117636680603},"size":2.151639461517334,"orthographic":false}